<component size="119,131" extention="Button">
  <controller name="button" pages="0,up,1,down,2,over,3,selectedOver" selected="0"/>
  <displayList>
    <image id="n1" name="n1" src="mbkcp" xy="0,0">
      <gearDisplay controller="button" pages="0,2"/>
      <relation target="" sidePair="width-width,height-height"/>
    </image>
    <image id="n2" name="n2" src="mbkcq" xy="0,0">
      <gearDisplay controller="button" pages="1,3"/>
      <relation target="" sidePair="width-width,height-height"/>
    </image>
  </displayList>
  <Button mode="Radio"/>
</component>