<component size="85,85" extention="Button">
  <controller name="button" pages="0,up,1,down,2,disabled" selected="1" transitions="*-1=t0"/>
  <displayList>
    <image id="n1" name="n1" src="mbkca" xy="0,0" size="86,85">
      <gearDisplay controller="button" pages="0,2"/>
      <gearLook controller="button" pages="2" values="1,0,1" default="1,0,0"/>
      <relation target="" sidePair="width-width,height-height"/>
    </image>
    <image id="n2" name="n2" src="mbkcb" xy="0,0" pivot="0.5,0.5" size="85,85">
      <gearDisplay controller="button" pages="1,3"/>
      <relation target="" sidePair="width-width,height-height"/>
    </image>
  </displayList>
  <Button downEffect="scale" downEffectValue="0.95"/>
  <transition name="t0">
    <item time="0" type="Rotation" target="n2" tween="true" startValue="0" endValue="360" duration="7"/>
  </transition>
</component>