<component size="235,235" extention="Button">
  <controller name="button" pages="0,up,1,down,2,disabled,3,selectedDisabled" selected="0"/>
  <displayList>
    <graph id="n31" name="frame" xy="0,0" size="235,235" type="rect" lineSize="0" lineColor="#ff339933">
      <gearColor controller="button" pages="1" values="#33cc33" default="#ffffff"/>
      <relation target="" sidePair="width-width,height-height"/>
    </graph>
    <component id="n32" name="image" src="tzxv1x" xy="5,5"/>
    <image id="n33" name="n33" src="aiqr1y" xy="173,178" size="40,40">
      <gearDisplay controller="button" pages="1"/>
    </image>
  </displayList>
  <Button mode="Check"/>
</component>