<TextureAtlas imagePath="texture.atf"><SubTexture name="g0017_h_dod" x="1" y="1" width="86" height="86" frameX="0" frameY="0" frameWidth="86" frameHeight="86"/><SubTexture name="g0031_s_dod" x="88" y="1" width="86" height="86" frameX="0" frameY="0" frameWidth="86" frameHeight="86"/><SubTexture name="g0045_j_dod" x="175" y="1" width="86" height="86" frameX="0" frameY="0" frameWidth="86" frameHeight="86"/><SubTexture name="g0032_jp_dod" x="262" y="1" width="86" height="86" frameX="0" frameY="0" frameWidth="86" frameHeight="86"/><SubTexture name="g0032_s_dod" x="349" y="1" width="86" height="86" frameX="0" frameY="0" frameWidth="86" frameHeight="86"/><SubTexture name="g0039_jp_dod" x="436" y="1" width="86" height="86" frameX="0" frameY="0" frameWidth="86" frameHeight="86"/><SubTexture name="g5012_p_dod" x="523" y="1" width="86" height="86" frameX="0" frameY="0" frameWidth="86" frameHeight="86"/><SubTexture name="g0013_h_dod" x="610" y="1" width="86" height="86" frameX="0" frameY="0" frameWidth="86" frameHeight="86"/><SubTexture name="g0024_p_dod" x="697" y="1" width="86" height="86" frameX="0" frameY="0" frameWidth="86" frameHeight="86"/><SubTexture name="g0040_jp_dod" x="784" y="1" width="86" height="86" frameX="0" frameY="0" frameWidth="86" frameHeight="86"/><SubTexture name="g0024_j_dod" x="871" y="1" width="86" height="86" frameX="0" frameY="0" frameWidth="86" frameHeight="86"/><SubTexture name="g0024_s_dod" x="958" y="1" width="86" height="86" frameX="0" frameY="0" frameWidth="86" frameHeight="86"/><SubTexture name="g0046_j_dod" x="1045" y="1" width="86" height="86" frameX="0" frameY="0" frameWidth="86" frameHeight="86"/><SubTexture name="g0008_s_dod" x="1132" y="1" width="86" height="86" frameX="0" frameY="0" frameWidth="86" frameHeight="86"/><SubTexture name="g5000_j_dod" x="1219" y="1" width="86" height="86" frameX="0" frameY="0" frameWidth="86" frameHeight="86"/><SubTexture name="g0017_s_dod" x="1306" y="1" width="86" height="86" frameX="0" frameY="0" frameWidth="86" frameHeight="86"/><SubTexture name="g0041_jp_dod" x="1393" y="1" width="86" height="86" frameX="0" frameY="0" frameWidth="86" frameHeight="86"/><SubTexture name="g0025_s_dod" x="1480" y="1" width="86" height="86" frameX="0" frameY="0" frameWidth="86" frameHeight="86"/><SubTexture name="g0023_h_dod" x="1567" y="1" width="86" height="86" frameX="0" frameY="0" frameWidth="86" frameHeight="86"/><SubTexture name="g0025_h_dod" x="1654" y="1" width="86" height="86" frameX="0" frameY="0" frameWidth="86" frameHeight="86"/><SubTexture name="g0026_h_dod" x="1741" y="1" width="86" height="86" frameX="0" frameY="0" frameWidth="86" frameHeight="86"/><SubTexture name="g0047_j_dod" x="1828" y="1" width="86" height="86" frameX="0" frameY="0" frameWidth="86" frameHeight="86"/><SubTexture name="g0025_jp_dod" x="1915" y="1" width="86" height="86" frameX="0" frameY="0" frameWidth="86" frameHeight="86"/><SubTexture name="g0026_j_dod" x="1" y="88" width="86" height="86" frameX="0" frameY="0" frameWidth="86" frameHeight="86"/><SubTexture name="g0047_p_dod" x="88" y="88" width="86" height="86" frameX="0" frameY="0" frameWidth="86" frameHeight="86"/><SubTexture name="g5013_p_dod" x="175" y="88" width="86" height="86" frameX="0" frameY="0" frameWidth="86" frameHeight="86"/><SubTexture name="g0019_h_dod" x="262" y="88" width="86" height="86" frameX="0" frameY="0" frameWidth="86" frameHeight="86"/><SubTexture name="g0033_j_dod" x="349" y="88" width="86" height="86" frameX="0" frameY="0" frameWidth="86" frameHeight="86"/><SubTexture name="g0033_h_dod" x="436" y="88" width="86" height="86" frameX="0" frameY="0" frameWidth="86" frameHeight="86"/><SubTexture name="g5002_j_dod" x="523" y="88" width="86" height="86" frameX="0" frameY="0" frameWidth="86" frameHeight="86"/><SubTexture name="g5004_j_dod" x="610" y="88" width="86" height="86" frameX="0" frameY="0" frameWidth="86" frameHeight="86"/><SubTexture name="g5014_p_dod" x="697" y="88" width="86" height="86" frameX="0" frameY="0" frameWidth="86" frameHeight="86"/><SubTexture name="g0048_p_dod" x="784" y="88" width="86" height="86" frameX="0" frameY="0" frameWidth="86" frameHeight="86"/><SubTexture name="g0026_p_dod" x="871" y="88" width="86" height="86" frameX="0" frameY="0" frameWidth="86" frameHeight="86"/><SubTexture name="g0019_j_dod" x="958" y="88" width="86" height="86" frameX="0" frameY="0" frameWidth="86" frameHeight="86"/><SubTexture name="g0046_p_dod" x="1045" y="88" width="86" height="86" frameX="0" frameY="0" frameWidth="86" frameHeight="86"/><SubTexture name="g0009_h_dod" x="1132" y="88" width="86" height="86" frameX="0" frameY="0" frameWidth="86" frameHeight="86"/><SubTexture name="g0048_j_dod" x="1219" y="88" width="86" height="86" frameX="0" frameY="0" frameWidth="86" frameHeight="86"/><SubTexture name="g0026_s_dod" x="1306" y="88" width="86" height="86" frameX="0" frameY="0" frameWidth="86" frameHeight="86"/><SubTexture name="g0033_p_dod" x="1393" y="88" width="86" height="86" frameX="0" frameY="0" frameWidth="86" frameHeight="86"/><SubTexture name="g5001_j_dod" x="1480" y="88" width="86" height="86" frameX="0" frameY="0" frameWidth="86" frameHeight="86"/><SubTexture name="g5015_p_dod" x="1567" y="88" width="86" height="86" frameX="0" frameY="0" frameWidth="86" frameHeight="86"/><SubTexture name="g0051_j_dod" x="1654" y="88" width="86" height="86" frameX="0" frameY="0" frameWidth="86" frameHeight="86"/><SubTexture name="g0019_p_dod" x="1741" y="88" width="86" height="86" frameX="0" frameY="0" frameWidth="86" frameHeight="86"/><SubTexture name="g0027_h_dod" x="1828" y="88" width="86" height="86" frameX="0" frameY="0" frameWidth="86" frameHeight="86"/><SubTexture name="g0051_p_dod" x="1915" y="88" width="86" height="86" frameX="0" frameY="0" frameWidth="86" frameHeight="86"/><SubTexture name="g0033_s_dod" x="1" y="175" width="86" height="86" frameX="0" frameY="0" frameWidth="86" frameHeight="86"/><SubTexture name="g0027_jp_dod" x="88" y="175" width="86" height="86" frameX="0" frameY="0" frameWidth="86" frameHeight="86"/><SubTexture name="g0052_j_dod" x="175" y="175" width="86" height="86" frameX="0" frameY="0" frameWidth="86" frameHeight="86"/><SubTexture name="g0020_h_dod" x="262" y="175" width="86" height="86" frameX="0" frameY="0" frameWidth="86" frameHeight="86"/><SubTexture name="g0045_p_dod" x="349" y="175" width="86" height="86" frameX="0" frameY="0" frameWidth="86" frameHeight="86"/><SubTexture name="g0058_jp_dod" x="436" y="175" width="86" height="86" frameX="0" frameY="0" frameWidth="86" frameHeight="86"/><SubTexture name="g0013_s_dod" x="523" y="175" width="86" height="86" frameX="0" frameY="0" frameWidth="86" frameHeight="86"/><SubTexture name="g0014_j_dod" x="610" y="175" width="86" height="86" frameX="0" frameY="0" frameWidth="86" frameHeight="86"/><SubTexture name="g0020_p_dod" x="697" y="175" width="86" height="86" frameX="0" frameY="0" frameWidth="86" frameHeight="86"/><SubTexture name="g0053_j_dod" x="784" y="175" width="86" height="86" frameX="0" frameY="0" frameWidth="86" frameHeight="86"/><SubTexture name="g0027_s_dod" x="871" y="175" width="86" height="86" frameX="0" frameY="0" frameWidth="86" frameHeight="86"/><SubTexture name="g0014_h_dod" x="958" y="175" width="86" height="86" frameX="0" frameY="0" frameWidth="86" frameHeight="86"/><SubTexture name="g0054_j_dod" x="1045" y="175" width="86" height="86" frameX="0" frameY="0" frameWidth="86" frameHeight="86"/><SubTexture name="g0020_j_dod" x="1132" y="175" width="86" height="86" frameX="0" frameY="0" frameWidth="86" frameHeight="86"/><SubTexture name="g0009_s_dod" x="1219" y="175" width="86" height="86" frameX="0" frameY="0" frameWidth="86" frameHeight="86"/><SubTexture name="g0055_jp_dod" x="1306" y="175" width="86" height="86" frameX="0" frameY="0" frameWidth="86" frameHeight="86"/><SubTexture name="g0021_h_dod" x="1393" y="175" width="86" height="86" frameX="0" frameY="0" frameWidth="86" frameHeight="86"/><SubTexture name="g5016_jp_dod" x="1480" y="175" width="86" height="86" frameX="0" frameY="0" frameWidth="86" frameHeight="86"/><SubTexture name="g0052_p_dod" x="1567" y="175" width="86" height="86" frameX="0" frameY="0" frameWidth="86" frameHeight="86"/><SubTexture name="g0059_p_dod" x="1654" y="175" width="86" height="86" frameX="0" frameY="0" frameWidth="86" frameHeight="86"/><SubTexture name="g0054_p_dod" x="1741" y="175" width="86" height="86" frameX="0" frameY="0" frameWidth="86" frameHeight="86"/><SubTexture name="g0023_j_dod" x="1828" y="175" width="86" height="86" frameX="0" frameY="0" frameWidth="86" frameHeight="86"/><SubTexture name="g5017_p_dod" x="1915" y="175" width="86" height="86" frameX="0" frameY="0" frameWidth="86" frameHeight="86"/><SubTexture name="g0056_jp_dod" x="1" y="262" width="86" height="86" frameX="0" frameY="0" frameWidth="86" frameHeight="86"/><SubTexture name="g0023_p_dod" x="88" y="262" width="86" height="86" frameX="0" frameY="0" frameWidth="86" frameHeight="86"/><SubTexture name="g0028_j_dod" x="175" y="262" width="86" height="86" frameX="0" frameY="0" frameWidth="86" frameHeight="86"/><SubTexture name="g0021_j_dod" x="262" y="262" width="86" height="86" frameX="0" frameY="0" frameWidth="86" frameHeight="86"/><SubTexture name="g0021_p_dod" x="349" y="262" width="86" height="86" frameX="0" frameY="0" frameWidth="86" frameHeight="86"/><SubTexture name="g0028_h_dod" x="436" y="262" width="86" height="86" frameX="0" frameY="0" frameWidth="86" frameHeight="86"/><SubTexture name="g0057_p_dod" x="523" y="262" width="86" height="86" frameX="0" frameY="0" frameWidth="86" frameHeight="86"/><SubTexture name="g0060_p_dod" x="610" y="262" width="86" height="86" frameX="0" frameY="0" frameWidth="86" frameHeight="86"/><SubTexture name="g0028_p_dod" x="697" y="262" width="86" height="86" frameX="0" frameY="0" frameWidth="86" frameHeight="86"/><SubTexture name="g5018_jp_dod" x="784" y="262" width="86" height="86" frameX="0" frameY="0" frameWidth="86" frameHeight="86"/><SubTexture name="g5000_p_dod" x="871" y="262" width="86" height="86" frameX="0" frameY="0" frameWidth="86" frameHeight="86"/><SubTexture name="g0053_p_dod" x="958" y="262" width="86" height="86" frameX="0" frameY="0" frameWidth="86" frameHeight="86"/><SubTexture name="g0028_s_dod" x="1045" y="262" width="86" height="86" frameX="0" frameY="0" frameWidth="86" frameHeight="86"/><SubTexture name="g0034_h_dod" x="1132" y="262" width="86" height="86" frameX="0" frameY="0" frameWidth="86" frameHeight="86"/><SubTexture name="g5001_p_dod" x="1219" y="262" width="86" height="86" frameX="0" frameY="0" frameWidth="86" frameHeight="86"/><SubTexture name="g0057_hj_dod" x="1306" y="262" width="86" height="86" frameX="0" frameY="0" frameWidth="86" frameHeight="86"/><SubTexture name="g0035_h_dod" x="1393" y="262" width="86" height="86" frameX="0" frameY="0" frameWidth="86" frameHeight="86"/><SubTexture name="g0034_p_dod" x="1480" y="262" width="86" height="86" frameX="0" frameY="0" frameWidth="86" frameHeight="86"/><SubTexture name="g0035_j_dod" x="1567" y="262" width="86" height="86" frameX="0" frameY="0" frameWidth="86" frameHeight="86"/><SubTexture name="g0029_h_dod" x="1654" y="262" width="86" height="86" frameX="0" frameY="0" frameWidth="86" frameHeight="86"/><SubTexture name="g5020_p_dod" x="1741" y="262" width="86" height="86" frameX="0" frameY="0" frameWidth="86" frameHeight="86"/><SubTexture name="g5019_jp_dod" x="1828" y="262" width="86" height="86" frameX="0" frameY="0" frameWidth="86" frameHeight="86"/><SubTexture name="g0010_h_dod" x="1915" y="262" width="86" height="86" frameX="0" frameY="0" frameWidth="86" frameHeight="86"/><SubTexture name="g0021_s_dod" x="1" y="349" width="86" height="86" frameX="0" frameY="0" frameWidth="86" frameHeight="86"/><SubTexture name="g0014_s_dod" x="88" y="349" width="86" height="86" frameX="0" frameY="0" frameWidth="86" frameHeight="86"/><SubTexture name="g0035_p_dod" x="175" y="349" width="86" height="86" frameX="0" frameY="0" frameWidth="86" frameHeight="86"/><SubTexture name="g0029_jp_dod" x="262" y="349" width="86" height="86" frameX="0" frameY="0" frameWidth="86" frameHeight="86"/><SubTexture name="g0036_j_dod" x="349" y="349" width="86" height="86" frameX="0" frameY="0" frameWidth="86" frameHeight="86"/><SubTexture name="g0015_h_dod" x="436" y="349" width="86" height="86" frameX="0" frameY="0" frameWidth="86" frameHeight="86"/><SubTexture name="g5002_p_dod" x="523" y="349" width="86" height="86" frameX="0" frameY="0" frameWidth="86" frameHeight="86"/><SubTexture name="g0036_p_dod" x="610" y="349" width="86" height="86" frameX="0" frameY="0" frameWidth="86" frameHeight="86"/><SubTexture name="g0015_j_dod" x="697" y="349" width="86" height="86" frameX="0" frameY="0" frameWidth="86" frameHeight="86"/><SubTexture name="g0029_s_dod" x="784" y="349" width="86" height="86" frameX="0" frameY="0" frameWidth="86" frameHeight="86"/><SubTexture name="g5005_jp_dod" x="871" y="349" width="86" height="86" frameX="0" frameY="0" frameWidth="86" frameHeight="86"/><SubTexture name="g0034_j_dod" x="958" y="349" width="86" height="86" frameX="0" frameY="0" frameWidth="86" frameHeight="86"/><SubTexture name="g0061_p_dod" x="1045" y="349" width="86" height="86" frameX="0" frameY="0" frameWidth="86" frameHeight="86"/><SubTexture name="g0037_j_dod" x="1132" y="349" width="86" height="86" frameX="0" frameY="0" frameWidth="86" frameHeight="86"/><SubTexture name="g0050_p_dod" x="1219" y="349" width="86" height="86" frameX="0" frameY="0" frameWidth="86" frameHeight="86"/><SubTexture name="g5004_p_dod" x="1306" y="349" width="86" height="86" frameX="0" frameY="0" frameWidth="86" frameHeight="86"/><SubTexture name="g5003_jp_dod" x="1393" y="349" width="86" height="86" frameX="0" frameY="0" frameWidth="86" frameHeight="86"/><SubTexture name="g0023_s_dod" x="1480" y="349" width="86" height="86" frameX="0" frameY="0" frameWidth="86" frameHeight="86"/><SubTexture name="g0037_p_dod" x="1567" y="349" width="86" height="86" frameX="0" frameY="0" frameWidth="86" frameHeight="86"/><SubTexture name="g0022_h_dod" x="1654" y="349" width="86" height="86" frameX="0" frameY="0" frameWidth="86" frameHeight="86"/><SubTexture name="g0015_ps_dod" x="1741" y="349" width="86" height="86" frameX="0" frameY="0" frameWidth="86" frameHeight="86"/><SubTexture name="g0010_s_dod" x="1828" y="349" width="86" height="86" frameX="0" frameY="0" frameWidth="86" frameHeight="86"/><SubTexture name="g0007_h_dod" x="1915" y="349" width="86" height="86" frameX="0" frameY="0" frameWidth="86" frameHeight="86"/><SubTexture name="g0049_p_dod" x="1" y="436" width="86" height="86" frameX="0" frameY="0" frameWidth="86" frameHeight="86"/><SubTexture name="g5006_j_dod" x="88" y="436" width="86" height="86" frameX="0" frameY="0" frameWidth="86" frameHeight="86"/><SubTexture name="g0030_hj_dod" x="175" y="436" width="86" height="86" frameX="0" frameY="0" frameWidth="86" frameHeight="86"/><SubTexture name="g5006_p_dod" x="262" y="436" width="86" height="86" frameX="0" frameY="0" frameWidth="86" frameHeight="86"/><SubTexture name="g0024_h_dod" x="349" y="436" width="86" height="86" frameX="0" frameY="0" frameWidth="86" frameHeight="86"/><SubTexture name="g0022_jp_dod" x="436" y="436" width="86" height="86" frameX="0" frameY="0" frameWidth="86" frameHeight="86"/><SubTexture name="g0011_h_dod" x="523" y="436" width="86" height="86" frameX="0" frameY="0" frameWidth="86" frameHeight="86"/><SubTexture name="g5007_p_dod" x="610" y="436" width="86" height="86" frameX="0" frameY="0" frameWidth="86" frameHeight="86"/><SubTexture name="g0030_p_dod" x="697" y="436" width="86" height="86" frameX="0" frameY="0" frameWidth="86" frameHeight="86"/><SubTexture name="g0007_s_dod" x="784" y="436" width="86" height="86" frameX="0" frameY="0" frameWidth="86" frameHeight="86"/><SubTexture name="g0022_s_dod" x="871" y="436" width="86" height="86" frameX="0" frameY="0" frameWidth="86" frameHeight="86"/><SubTexture name="g0011_jp_dod" x="958" y="436" width="86" height="86" frameX="0" frameY="0" frameWidth="86" frameHeight="86"/><SubTexture name="g0016_h_dod" x="1045" y="436" width="86" height="86" frameX="0" frameY="0" frameWidth="86" frameHeight="86"/><SubTexture name="g0011_s_dod" x="1132" y="436" width="86" height="86" frameX="0" frameY="0" frameWidth="86" frameHeight="86"/><SubTexture name="g5008_jp_dod" x="1219" y="436" width="86" height="86" frameX="0" frameY="0" frameWidth="86" frameHeight="86"/><SubTexture name="g0049_j_dod" x="1306" y="436" width="86" height="86" frameX="0" frameY="0" frameWidth="86" frameHeight="86"/><SubTexture name="g0012_h_dod" x="1393" y="436" width="86" height="86" frameX="0" frameY="0" frameWidth="86" frameHeight="86"/><SubTexture name="g0050_j_dod" x="1480" y="436" width="86" height="86" frameX="0" frameY="0" frameWidth="86" frameHeight="86"/><SubTexture name="g0030_s_dod" x="1567" y="436" width="86" height="86" frameX="0" frameY="0" frameWidth="86" frameHeight="86"/><SubTexture name="g0043_j_dod" x="1654" y="436" width="86" height="86" frameX="0" frameY="0" frameWidth="86" frameHeight="86"/><SubTexture name="g5009_p_dod" x="1741" y="436" width="86" height="86" frameX="0" frameY="0" frameWidth="86" frameHeight="86"/><SubTexture name="g0016_j_dod" x="1828" y="436" width="86" height="86" frameX="0" frameY="0" frameWidth="86" frameHeight="86"/><SubTexture name="g0043_p_dod" x="1915" y="436" width="86" height="86" frameX="0" frameY="0" frameWidth="86" frameHeight="86"/><SubTexture name="g0008_h_dod" x="1" y="523" width="86" height="86" frameX="0" frameY="0" frameWidth="86" frameHeight="86"/><SubTexture name="g5010_p_dod" x="88" y="523" width="86" height="86" frameX="0" frameY="0" frameWidth="86" frameHeight="86"/><SubTexture name="g0012_s_dod" x="175" y="523" width="86" height="86" frameX="0" frameY="0" frameWidth="86" frameHeight="86"/><SubTexture name="g0031_jp_dod" x="262" y="523" width="86" height="86" frameX="0" frameY="0" frameWidth="86" frameHeight="86"/><SubTexture name="g0031_h_dod" x="349" y="523" width="86" height="86" frameX="0" frameY="0" frameWidth="86" frameHeight="86"/><SubTexture name="g0016_s_dod" x="436" y="523" width="86" height="86" frameX="0" frameY="0" frameWidth="86" frameHeight="86"/><SubTexture name="g0016_p_dod" x="523" y="523" width="86" height="86" frameX="0" frameY="0" frameWidth="86" frameHeight="86"/><SubTexture name="g0044_p_dod" x="610" y="523" width="86" height="86" frameX="0" frameY="0" frameWidth="86" frameHeight="86"/><SubTexture name="g0032_h_dod" x="697" y="523" width="86" height="86" frameX="0" frameY="0" frameWidth="86" frameHeight="86"/><SubTexture name="g0044_j_dod" x="784" y="523" width="86" height="86" frameX="0" frameY="0" frameWidth="86" frameHeight="86"/><SubTexture name="g0038_jp_dod" x="871" y="523" width="86" height="86" frameX="0" frameY="0" frameWidth="86" frameHeight="86"/><SubTexture name="g5011_p_dod" x="958" y="523" width="86" height="86" frameX="0" frameY="0" frameWidth="86" frameHeight="86"/></TextureAtlas>